{
    "color1": {
        "text": "starting color",
        "type": "color",
        "value": "#5603fc"
    },

    "color2": {
        "text": "finish color",
        "type": "color",
        "value": "#fc0303"
    },
    "background": {
        "text": "background color",
        "type": "color",
        "value": "#000000"
    },
    "textColor":{
        "text" : "audio track text color",
        "type" : "color",
        "value" : "#FFFFFF"
    },
    "glow":{
        "text": "neon glow effect",
        "type": "checkbox",
        "value": "true"
    },
    "glowStrength": {
        "max": 50,
        "min": 1,
        "tick": 25,
        "step": 1,
        "text": "neon effect strength",
        "type": "slider",
        "value": 10
    },
    "amplitude": {
        "max": 1000,
        "min": 100,
        "tick": 25,
        "step": 10,
        "text": "bar height",
        "type": "slider",
        "value": 300
    }
}